Region,Frequency,Estimated Unemployment Rate (%),Estimated Employed,Estimated Labour Participation Rate (%),Year,Area_Rural,Area_Urban
Andhra Pradesh, Monthly,3.65,11999139,43.24,2019,1,0
Andhra Pradesh, Monthly,3.05,11755881,42.05,2019,1,0
Andhra Pradesh, Monthly,3.75,12086707,43.5,2019,1,0
Andhra Pradesh, Monthly,3.32,12285693,43.97,2019,1,0
Andhra Pradesh, Monthly,5.17,12256762,44.68,2019,1,0
Andhra Pradesh, Monthly,3.52,12017412,43.01,2019,1,0
Andhra Pradesh, Monthly,4.12,11397681,41.0,2019,1,0
Andhra Pradesh, Monthly,4.38,12528395,45.14,2019,1,0
Andhra Pradesh, Monthly,4.84,12016676,43.46,2020,1,0
Andhra Pradesh, Monthly,5.91,11723617,42.83,2020,1,0
Andhra Pradesh, Monthly,4.06,11359660,40.66,2020,1,0
Andhra Pradesh, Monthly,16.29,8792827,36.03,2020,1,0
Andhra Pradesh, Monthly,14.46,9526902,38.16,2020,1,0
Andhra Pradesh, Monthly,0.85,15572975,53.76,2020,1,0
Assam, Monthly,4.29,11749334,57.39,2019,1,0
Assam, Monthly,5.08,8923222,43.87,2019,1,0
Assam, Monthly,4.26,9911534,48.21,2019,1,0
Assam, Monthly,5.79,9292039,45.83,2019,1,0
Assam, Monthly,4.46,11468349,55.67,2019,1,0
Assam, Monthly,4.65,8395906,40.76,2019,1,0
Assam, Monthly,4.66,9625362,46.64,2019,1,0
Assam, Monthly,4.29,11420996,54.9,2020,1,0
Assam, Monthly,3.26,8462814,40.17,2020,1,0
Assam, Monthly,3.77,9878742,47.05,2020,1,0
Assam, Monthly,9.38,9926176,50.0,2020,1,0
Assam, Monthly,0.0,7544937,34.38,2020,1,0
Bihar, Monthly,9.27,24322330,39.75,2019,1,0
Bihar, Monthly,10.2,24097712,39.71,2019,1,0
Bihar, Monthly,13.44,23248875,39.66,2019,1,0
Bihar, Monthly,11.0,22260203,36.85,2019,1,0
Bihar, Monthly,8.87,23905700,38.57,2019,1,0
Bihar, Monthly,12.47,24053140,40.31,2019,1,0
Bihar, Monthly,12.4,22445989,37.51,2019,1,0
Bihar, Monthly,10.16,22914530,37.25,2019,1,0
Bihar, Monthly,9.13,23409006,37.54,2020,1,0
Bihar, Monthly,9.61,23168192,37.28,2020,1,0
Bihar, Monthly,15.39,22667882,38.88,2020,1,0
Bihar, Monthly,45.09,14645275,38.63,2020,1,0
Bihar, Monthly,47.26,14050319,38.5,2020,1,0
Bihar, Monthly,20.49,20622566,37.4,2020,1,0
Chhattisgarh, Monthly,9.82,6259019,42.89,2019,1,0
Chhattisgarh, Monthly,6.76,6608626,43.71,2019,1,0
Chhattisgarh, Monthly,4.54,6753622,43.53,2019,1,0
Chhattisgarh, Monthly,4.64,6607694,42.55,2019,1,0
Chhattisgarh, Monthly,8.33,6490776,43.38,2019,1,0
Chhattisgarh, Monthly,6.96,7043840,46.28,2019,1,0
Chhattisgarh, Monthly,2.77,6942931,43.56,2019,1,0
Chhattisgarh, Monthly,6.11,6569385,42.59,2019,1,0
Chhattisgarh, Monthly,9.89,6236201,42.03,2020,1,0
Chhattisgarh, Monthly,7.89,6847173,45.05,2020,1,0
Chhattisgarh, Monthly,7.31,6894808,44.98,2020,1,0
Chhattisgarh, Monthly,0.0,6534321,39.43,2020,1,0
Chhattisgarh, Monthly,7.64,5454091,35.56,2020,1,0
Chhattisgarh, Monthly,10.14,5781095,38.66,2020,1,0
Delhi, Monthly,12.56,169487,42.33,2019,1,0
Delhi, Monthly,9.33,149076,35.74,2019,1,0
Delhi, Monthly,11.07,166605,40.53,2019,1,0
Delhi, Monthly,17.18,135407,35.21,2019,1,0
Delhi, Monthly,12.5,166056,40.68,2019,1,0
Delhi, Monthly,15.84,149511,37.9,2019,1,0
Delhi, Monthly,11.11,178768,42.71,2019,1,0
Delhi, Monthly,16.97,145671,37.08,2019,1,0
Delhi, Monthly,13.48,157791,38.36,2020,1,0
Delhi, Monthly,13.81,147500,35.84,2020,1,0
Delhi, Monthly,15.18,152413,37.45,2020,1,0
Delhi, Monthly,20.69,115487,30.21,2020,1,0
Delhi, Monthly,22.76,129610,34.65,2020,1,0
Delhi, Monthly,21.14,112108,29.22,2020,1,0
Goa, Monthly,2.91,179340,39.16,2019,1,0
Goa, Monthly,5.45,170471,38.19,2019,1,0
Goa, Monthly,10.98,167437,39.81,2019,1,0
Goa, Monthly,1.98,183603,39.61,2019,1,0
Goa, Monthly,3.61,163215,35.78,2019,1,0
Goa, Monthly,7.21,177440,40.36,2019,1,0
Goa, Monthly,23.71,159489,44.09,2019,1,0
Goa, Monthly,3.54,177155,38.7,2019,1,0
Goa, Monthly,5.38,158936,35.36,2020,1,0
Goa, Monthly,0.0,171672,36.11,2020,1,0
Goa, Monthly,15.91,181657,45.36,2020,1,0
Goa, Monthly,20.0,128538,33.71,2020,1,0
Gujarat, Monthly,2.88,13954728,52.03,2019,1,0
Gujarat, Monthly,4.77,13199281,50.12,2019,1,0
Gujarat, Monthly,4.58,14327083,54.21,2019,1,0
Gujarat, Monthly,3.7,13507342,50.57,2019,1,0
Gujarat, Monthly,6.29,13280783,51.01,2019,1,0
Gujarat, Monthly,4.91,13828512,52.27,2019,1,0
Gujarat, Monthly,4.68,14487815,54.55,2019,1,0
Gujarat, Monthly,3.46,13877825,51.51,2019,1,0
Gujarat, Monthly,5.35,14301844,54.07,2020,1,0
Gujarat, Monthly,6.64,13973042,53.48,2020,1,0
Gujarat, Monthly,7.59,13483615,52.06,2020,1,0
Gujarat, Monthly,12.0,8587594,34.77,2020,1,0
Gujarat, Monthly,14.58,11121124,46.31,2020,1,0
Gujarat, Monthly,1.41,13243922,47.72,2020,1,0
Haryana, Monthly,14.54,5249186,45.12,2019,1,0
Haryana, Monthly,23.08,4745178,45.23,2019,1,0
Haryana, Monthly,16.22,4826560,42.17,2019,1,0
Haryana, Monthly,30.94,4558306,48.23,2019,1,0
Haryana, Monthly,16.36,5127956,44.72,2019,1,0
Haryana, Monthly,24.17,4798833,46.07,2019,1,0
Haryana, Monthly,16.59,4875763,42.48,2019,1,0
Haryana, Monthly,29.56,4603484,47.4,2019,1,0
Haryana, Monthly,16.21,5062293,43.74,2020,1,0
Haryana, Monthly,27.19,4570108,45.37,2020,1,0
Haryana, Monthly,23.92,4366148,41.4,2020,1,0
Haryana, Monthly,41.61,4041050,49.85,2020,1,0
Haryana, Monthly,34.22,3914193,42.78,2020,1,0
Haryana, Monthly,35.57,4357835,48.53,2020,1,0
Himachal Pradesh, Monthly,13.68,2045760,44.23,2019,1,0
Himachal Pradesh, Monthly,11.43,1957081,41.18,2019,1,0
Himachal Pradesh, Monthly,20.59,1916824,44.91,2019,1,0
Himachal Pradesh, Monthly,18.56,1969248,44.91,2019,1,0
Himachal Pradesh, Monthly,15.98,2039804,45.02,2019,1,0
Himachal Pradesh, Monthly,15.81,1946957,42.81,2019,1,0
Himachal Pradesh, Monthly,22.86,2024409,48.5,2019,1,0
Himachal Pradesh, Monthly,19.46,1922821,44.05,2019,1,0
Himachal Pradesh, Monthly,16.67,2041035,45.11,2020,1,0
Himachal Pradesh, Monthly,15.42,1952464,42.45,2020,1,0
Himachal Pradesh, Monthly,17.71,1800426,40.17,2020,1,0
Himachal Pradesh, Monthly,2.13,984171,18.43,2020,1,0
Himachal Pradesh, Monthly,25.64,1732050,42.62,2020,1,0
Himachal Pradesh, Monthly,1.12,2230075,41.2,2020,1,0
Jammu & Kashmir, Monthly,12.78,2495186,40.57,2019,1,0
Jammu & Kashmir, Monthly,12.09,2423742,39.02,2019,1,0
Jammu & Kashmir, Monthly,13.67,2549316,41.71,2019,1,0
Jammu & Kashmir, Monthly,11.32,2778624,44.17,2019,1,0
Jammu & Kashmir, Monthly,19.27,2477621,43.08,2019,1,0
Jammu & Kashmir, Monthly,14.73,2415724,39.69,2019,1,0
Jammu & Kashmir, Monthly,22.19,2373488,42.56,2020,1,0
Jammu & Kashmir, Monthly,21.23,2163397,38.25,2020,1,0
Jammu & Kashmir, Monthly,16.0,2361004,39.06,2020,1,0
Jammu & Kashmir, Monthly,2.22,2716966,38.46,2020,1,0
Jammu & Kashmir, Monthly,18.97,2049617,34.94,2020,1,0
Jharkhand, Monthly,7.11,7035766,39.04,2019,1,0
Jharkhand, Monthly,8.46,7319782,41.12,2019,1,0
Jharkhand, Monthly,9.98,6958404,39.66,2019,1,0
Jharkhand, Monthly,12.06,7015356,40.83,2019,1,0
Jharkhand, Monthly,7.12,7500122,41.24,2019,1,0
Jharkhand, Monthly,6.57,7761243,42.33,2019,1,0
Jharkhand, Monthly,8.07,7279628,40.26,2019,1,0
Jharkhand, Monthly,15.15,6873437,41.09,2019,1,0
Jharkhand, Monthly,6.16,7868736,42.43,2020,1,0
Jharkhand, Monthly,9.06,7932402,44.05,2020,1,0
Jharkhand, Monthly,5.01,7157454,37.96,2020,1,0
Jharkhand, Monthly,41.72,4280434,36.92,2020,1,0
Jharkhand, Monthly,55.1,3315038,37.03,2020,1,0
Jharkhand, Monthly,21.53,6375114,40.65,2020,1,0
Karnataka, Monthly,5.46,13911440,46.36,2019,1,0
Karnataka, Monthly,5.98,12888490,43.12,2019,1,0
Karnataka, Monthly,0.52,12169808,38.42,2019,1,0
Karnataka, Monthly,0.37,12686470,39.93,2019,1,0
Karnataka, Monthly,3.2,13741892,44.45,2019,1,0
Karnataka, Monthly,7.13,12803527,43.1,2019,1,0
Karnataka, Monthly,1.19,11537217,36.45,2019,1,0
Karnataka, Monthly,0.41,12756132,39.92,2019,1,0
Karnataka, Monthly,2.57,13938874,44.52,2020,1,0
Karnataka, Monthly,4.11,12753657,41.33,2020,1,0
Karnataka, Monthly,2.39,12853818,40.85,2020,1,0
Karnataka, Monthly,33.17,9330400,43.25,2020,1,0
Karnataka, Monthly,23.72,10626328,43.09,2020,1,0
Karnataka, Monthly,10.92,15396213,53.37,2020,1,0
Kerala, Monthly,6.63,5184355,38.07,2019,1,0
Kerala, Monthly,9.0,5605627,42.19,2019,1,0
Kerala, Monthly,4.95,4855393,34.96,2019,1,0
Kerala, Monthly,10.32,5233449,39.9,2019,1,0
Kerala, Monthly,5.35,5400499,38.97,2019,1,0
Kerala, Monthly,9.14,5328825,40.02,2019,1,0
Kerala, Monthly,5.0,4557906,32.71,2019,1,0
Kerala, Monthly,10.77,5065804,38.67,2019,1,0
Kerala, Monthly,4.11,5307026,37.66,2020,1,0
Kerala, Monthly,8.91,5203579,38.84,2020,1,0
Kerala, Monthly,8.85,4141953,30.87,2020,1,0
Kerala, Monthly,10.71,1754170,13.33,2020,1,0
Kerala, Monthly,23.38,3799919,33.62,2020,1,0
Kerala, Monthly,27.66,3952088,37.01,2020,1,0
Madhya Pradesh, Monthly,3.63,15349838,37.97,2019,1,0
Madhya Pradesh, Monthly,4.25,16294794,40.48,2019,1,0
Madhya Pradesh, Monthly,3.92,16274707,40.2,2019,1,0
Madhya Pradesh, Monthly,4.94,16559137,41.25,2019,1,0
Madhya Pradesh, Monthly,3.08,16159315,39.4,2019,1,0
Madhya Pradesh, Monthly,2.98,17060638,41.46,2019,1,0
Madhya Pradesh, Monthly,2.72,16306428,39.44,2019,1,0
Madhya Pradesh, Monthly,2.94,16854647,40.77,2019,1,0
Madhya Pradesh, Monthly,3.66,16183702,39.35,2020,1,0
Madhya Pradesh, Monthly,4.42,16178044,39.57,2020,1,0
Madhya Pradesh, Monthly,1.19,16480441,38.9,2020,1,0
Madhya Pradesh, Monthly,12.5,14238959,37.88,2020,1,0
Madhya Pradesh, Monthly,22.46,13099601,39.24,2020,1,0
Madhya Pradesh, Monthly,6.46,16748971,41.5,2020,1,0
Maharashtra, Monthly,3.67,23896858,47.11,2019,1,0
Maharashtra, Monthly,4.34,23056511,45.69,2019,1,0
Maharashtra, Monthly,3.66,24843750,48.8,2019,1,0
Maharashtra, Monthly,3.76,26835389,52.67,2019,1,0
Maharashtra, Monthly,4.4,25219281,49.74,2019,1,0
Maharashtra, Monthly,3.81,24330249,47.61,2019,1,0
Maharashtra, Monthly,3.68,24881383,48.53,2019,1,0
Maharashtra, Monthly,3.03,26357625,50.98,2019,1,0
Maharashtra, Monthly,3.8,25881398,50.36,2020,1,0
Maharashtra, Monthly,4.24,25293535,49.36,2020,1,0
Maharashtra, Monthly,5.38,23130976,45.6,2020,1,0
Maharashtra, Monthly,25.28,15014802,37.42,2020,1,0
Maharashtra, Monthly,16.89,18423447,41.21,2020,1,0
Maharashtra, Monthly,9.4,23601016,48.34,2020,1,0
Meghalaya, Monthly,3.16,1119011,66.13,2019,1,0
Meghalaya, Monthly,4.23,1024797,61.09,2019,1,0
Meghalaya, Monthly,1.03,1158511,66.67,2019,1,0
Meghalaya, Monthly,0.52,1065725,60.86,2019,1,0
Meghalaya, Monthly,0.24,1162159,66.02,2019,1,0
Meghalaya, Monthly,3.7,1080609,63.44,2019,1,0
Meghalaya, Monthly,1.5,1205703,69.03,2019,1,0
Meghalaya, Monthly,1.8,1102997,63.18,2019,1,0
Meghalaya, Monthly,0.97,1229406,69.66,2020,1,0
Meghalaya, Monthly,2.76,1112864,64.06,2020,1,0
Meghalaya, Monthly,1.28,1192616,67.46,2020,1,0
Meghalaya, Monthly,8.38,803118,48.83,2020,1,0
Meghalaya, Monthly,3.73,992148,57.26,2020,1,0
Meghalaya, Monthly,1.35,1150200,64.63,2020,1,0
Odisha, Monthly,4.17,11155753,40.47,2019,1,0
Odisha, Monthly,4.71,10965154,39.94,2019,1,0
Odisha, Monthly,3.31,12009883,43.05,2019,1,0
Odisha, Monthly,3.68,11727659,42.13,2019,1,0
Odisha, Monthly,4.31,11167715,40.32,2019,1,0
Odisha, Monthly,4.28,11621534,41.88,2019,1,0
Odisha, Monthly,4.72,12192623,44.06,2019,1,0
Odisha, Monthly,4.67,11345069,40.91,2019,1,0
Odisha, Monthly,1.81,11182128,39.09,2020,1,0
Odisha, Monthly,3.31,11842655,41.98,2020,1,0
Odisha, Monthly,15.09,9814156,39.55,2020,1,0
Odisha, Monthly,24.48,5562449,25.16,2020,1,0
Odisha, Monthly,9.45,9683719,36.48,2020,1,0
Odisha, Monthly,4.59,10187145,36.36,2020,1,0
Puducherry, Monthly,0.0,172474,43.08,2019,1,0
Puducherry, Monthly,0.0,184527,45.95,2019,1,0
Puducherry, Monthly,0.0,139227,34.56,2019,1,0
Puducherry, Monthly,4.85,183930,47.83,2019,1,0
Puducherry, Monthly,0.0,175718,43.34,2019,1,0
Puducherry, Monthly,1.18,180283,44.85,2019,1,0
Puducherry, Monthly,0.0,142787,35.0,2019,1,0
Puducherry, Monthly,1.99,180808,45.07,2019,1,0
Puducherry, Monthly,0.58,176252,43.18,2020,1,0
Puducherry, Monthly,1.74,183619,45.38,2020,1,0
Puducherry, Monthly,2.31,142176,35.23,2020,1,0
Puducherry, Monthly,74.51,49420,46.79,2020,1,0
Punjab, Monthly,9.17,6088547,44.79,2019,1,0
Punjab, Monthly,12.21,6025235,45.79,2019,1,0
Punjab, Monthly,9.64,6308129,46.5,2019,1,0
Punjab, Monthly,6.69,6183427,44.08,2019,1,0
Punjab, Monthly,8.59,6260971,45.49,2019,1,0
Punjab, Monthly,12.56,6021921,45.66,2019,1,0
Punjab, Monthly,7.07,6395022,45.55,2019,1,0
Punjab, Monthly,6.13,6164215,43.4,2019,1,0
Punjab, Monthly,9.69,6189471,45.22,2020,1,0
Punjab, Monthly,10.41,6009820,44.19,2020,1,0
Punjab, Monthly,10.51,6373692,46.85,2020,1,0
Punjab, Monthly,3.69,4721590,32.2,2020,1,0
Punjab, Monthly,40.59,3727366,41.14,2020,1,0
Punjab, Monthly,20.0,5364047,43.9,2020,1,0
Rajasthan, Monthly,4.03,15226005,38.52,2019,1,0
Rajasthan, Monthly,13.7,14610564,41.02,2019,1,0
Rajasthan, Monthly,9.7,14859873,39.78,2019,1,0
Rajasthan, Monthly,12.5,15052051,41.48,2019,1,0
Rajasthan, Monthly,5.45,15419779,39.24,2019,1,0
Rajasthan, Monthly,14.66,15178544,42.69,2019,1,0
Rajasthan, Monthly,10.47,15278556,40.87,2019,1,0
Rajasthan, Monthly,13.96,15485307,43.0,2019,1,0
Rajasthan, Monthly,8.0,15484353,40.12,2020,1,0
Rajasthan, Monthly,14.48,15040572,41.83,2020,1,0
Rajasthan, Monthly,9.47,15059769,39.47,2020,1,0
Rajasthan, Monthly,12.25,13051219,35.21,2020,1,0
Rajasthan, Monthly,10.45,15586833,41.11,2020,1,0
Rajasthan, Monthly,13.86,16076978,43.98,2020,1,0
Sikkim, Monthly,5.48,146688,44.06,2019,1,0
Sikkim, Monthly,13.11,162426,53.04,2019,1,0
Sikkim, Monthly,1.0,161647,46.3,2019,1,0
Sikkim, Monthly,0.0,133399,37.72,2020,1,0
Sikkim, Monthly,5.81,141313,42.36,2020,1,0
Tamil Nadu, Monthly,0.97,15844698,49.44,2019,1,0
Tamil Nadu, Monthly,0.92,16375303,50.99,2019,1,0
Tamil Nadu, Monthly,6.01,16455928,53.94,2019,1,0
Tamil Nadu, Monthly,2.91,16463931,52.17,2019,1,0
Tamil Nadu, Monthly,1.71,14595441,45.62,2019,1,0
Tamil Nadu, Monthly,1.46,15595647,48.55,2019,1,0
Tamil Nadu, Monthly,2.46,16223430,50.95,2019,1,0
Tamil Nadu, Monthly,3.73,15356938,48.8,2019,1,0
Tamil Nadu, Monthly,1.18,14954646,46.23,2020,1,0
Tamil Nadu, Monthly,1.17,15828488,48.86,2020,1,0
Tamil Nadu, Monthly,6.36,15848590,51.56,2020,1,0
Tamil Nadu, Monthly,53.19,5086200,33.05,2020,1,0
Tamil Nadu, Monthly,38.73,5768342,28.6,2020,1,0
Tamil Nadu, Monthly,2.06,10169115,31.49,2020,1,0
Telangana, Monthly,2.23,11053353,61.74,2019,1,0
Telangana, Monthly,5.92,10728822,62.19,2019,1,0
Telangana, Monthly,2.45,11538688,64.4,2019,1,0
Telangana, Monthly,1.4,10743959,59.23,2019,1,0
Telangana, Monthly,5.49,12636415,72.57,2019,1,0
Telangana, Monthly,7.29,11375354,66.49,2019,1,0
Telangana, Monthly,6.47,11265828,65.17,2019,1,0
Telangana, Monthly,1.35,11068056,60.61,2019,1,0
Telangana, Monthly,5.02,12065915,68.51,2020,1,0
Telangana, Monthly,9.02,11304474,66.92,2020,1,0
Telangana, Monthly,5.63,12028377,68.53,2020,1,0
Telangana, Monthly,4.51,8793799,49.44,2020,1,0
Telangana, Monthly,34.01,7508747,61.0,2020,1,0
Telangana, Monthly,19.3,8891181,58.97,2020,1,0
Tripura, Monthly,29.25,1019549,64.47,2019,1,0
Tripura, Monthly,26.64,1107013,67.4,2019,1,0
Tripura, Monthly,22.47,1052597,60.54,2019,1,0
Tripura, Monthly,25.49,975501,58.29,2019,1,0
Tripura, Monthly,30.23,1034408,65.9,2019,1,0
Tripura, Monthly,27.54,1113764,68.21,2019,1,0
Tripura, Monthly,25.25,1084633,64.29,2019,1,0
Tripura, Monthly,26.53,1046878,63.02,2019,1,0
Tripura, Monthly,31.91,1057975,68.61,2020,1,0
Tripura, Monthly,26.22,1169347,69.88,2020,1,0
Tripura, Monthly,31.61,1060946,68.28,2020,1,0
Tripura, Monthly,43.64,675083,52.63,2020,1,0
Tripura, Monthly,14.71,911789,46.9,2020,1,0
Tripura, Monthly,18.84,1106978,59.74,2020,1,0
Uttar Pradesh, Monthly,10.26,43287808,39.96,2019,1,0
Uttar Pradesh, Monthly,11.13,42276572,39.32,2019,1,0
Uttar Pradesh, Monthly,9.19,42697000,38.78,2019,1,0
Uttar Pradesh, Monthly,11.47,43298746,40.24,2019,1,0
Uttar Pradesh, Monthly,6.45,44198762,38.79,2019,1,0
Uttar Pradesh, Monthly,10.18,42833265,39.07,2019,1,0
Uttar Pradesh, Monthly,6.94,43261530,38.01,2019,1,0
Uttar Pradesh, Monthly,8.43,44640087,39.77,2019,1,0
Uttar Pradesh, Monthly,6.06,45777509,39.67,2020,1,0
Uttar Pradesh, Monthly,8.12,44257432,39.13,2020,1,0
Uttar Pradesh, Monthly,9.37,43086706,38.53,2020,1,0
Uttar Pradesh, Monthly,19.92,39970677,40.37,2020,1,0
Uttar Pradesh, Monthly,16.89,38640999,37.52,2020,1,0
Uttar Pradesh, Monthly,8.51,41908909,36.89,2020,1,0
Uttarakhand, Monthly,1.63,2108044,37.47,2019,1,0
Uttarakhand, Monthly,4.65,2021553,37.01,2019,1,0
Uttarakhand, Monthly,5.74,2000524,36.97,2019,1,0
Uttarakhand, Monthly,6.11,1911380,35.39,2019,1,0
Uttarakhand, Monthly,3.47,2157845,38.79,2019,1,0
Uttarakhand, Monthly,4.83,2027662,36.9,2019,1,0
Uttarakhand, Monthly,5.56,2007113,36.73,2019,1,0
Uttarakhand, Monthly,4.52,1947566,35.19,2019,1,0
Uttarakhand, Monthly,4.17,1986386,35.69,2020,1,0
Uttarakhand, Monthly,4.85,2057523,37.16,2020,1,0
Uttarakhand, Monthly,3.66,1972074,35.04,2020,1,0
Uttarakhand, Monthly,3.57,1915482,33.94,2020,1,0
Uttarakhand, Monthly,10.71,1675441,32.0,2020,1,0
West Bengal, Monthly,6.02,23452875,46.41,2019,1,0
West Bengal, Monthly,5.85,25543465,50.36,2019,1,0
West Bengal, Monthly,5.62,24857807,48.78,2019,1,0
West Bengal, Monthly,5.58,24924827,48.79,2019,1,0
West Bengal, Monthly,5.26,25610773,49.87,2019,1,0
West Bengal, Monthly,6.78,24353018,48.09,2019,1,0
West Bengal, Monthly,5.83,25630359,50.0,2019,1,0
West Bengal, Monthly,5.79,24906239,48.47,2019,1,0
West Bengal, Monthly,6.79,24612171,48.3,2020,1,0
West Bengal, Monthly,3.78,26093009,49.51,2020,1,0
West Bengal, Monthly,7.02,25097812,49.18,2020,1,0
West Bengal, Monthly,18.32,17639370,39.27,2020,1,0
West Bengal, Monthly,18.43,19115772,42.53,2020,1,0
West Bengal, Monthly,4.94,21225887,40.44,2020,1,0
Andhra Pradesh,Monthly,6.09,4788661,37.45,2019,0,1
Andhra Pradesh,Monthly,3.8,4824630,36.76,2019,0,1
Andhra Pradesh,Monthly,5.64,4657443,36.1,2019,0,1
Andhra Pradesh,Monthly,4.61,4743179,36.29,2019,0,1
Andhra Pradesh,Monthly,6.01,4733996,36.69,2019,0,1
Andhra Pradesh,Monthly,4.7,4774377,36.41,2019,0,1
Andhra Pradesh,Monthly,7.54,4668772,36.62,2019,0,1
Andhra Pradesh,Monthly,7.88,4913963,38.61,2019,0,1
Andhra Pradesh,Monthly,7.11,4618860,35.91,2020,0,1
Andhra Pradesh,Monthly,5.66,4822035,36.84,2020,0,1
Andhra Pradesh,Monthly,9.88,4521537,36.08,2020,0,1
Andhra Pradesh,Monthly,32.3,2544084,26.97,2020,0,1
Andhra Pradesh,Monthly,24.91,3428356,32.69,2020,0,1
Andhra Pradesh,Monthly,5.86,4954389,37.61,2020,0,1
Assam,Monthly,7.87,1671707,44.92,2019,0,1
Assam,Monthly,9.89,1647342,45.17,2019,0,1
Assam,Monthly,3.21,1739838,44.32,2019,0,1
Assam,Monthly,10.39,1595582,43.81,2019,0,1
Assam,Monthly,9.26,1576480,42.66,2019,0,1
Assam,Monthly,11.17,1595176,44.01,2019,0,1
Assam,Monthly,6.31,1708045,44.59,2019,0,1
Assam,Monthly,5.02,1722303,44.26,2019,0,1
Assam,Monthly,7.24,1630908,42.82,2020,0,1
Assam,Monthly,9.98,1625454,43.9,2020,0,1
Assam,Monthly,10.34,1664145,45.03,2020,0,1
Assam,Monthly,8.37,1454956,38.45,2020,0,1
Assam,Monthly,10.77,1441722,39.04,2020,0,1
Assam,Monthly,3.42,1551007,38.73,2020,0,1
Bihar,Monthly,19.9,3029344,39.8,2019,0,1
Bihar,Monthly,13.29,3248864,39.35,2019,0,1
Bihar,Monthly,16.41,3059744,38.36,2019,0,1
Bihar,Monthly,17.66,2994763,38.03,2019,0,1
Bihar,Monthly,20.46,2992082,39.25,2019,0,1
Bihar,Monthly,14.06,3173429,38.45,2019,0,1
Bihar,Monthly,17.62,3081077,38.86,2019,0,1
Bihar,Monthly,14.91,2977857,36.29,2019,0,1
Bihar,Monthly,20.69,2988665,38.99,2020,0,1
Bihar,Monthly,15.11,3113464,37.87,2020,0,1
Bihar,Monthly,15.73,3049637,37.29,2020,0,1
Bihar,Monthly,58.77,1400962,34.94,2020,0,1
Bihar,Monthly,37.87,2207026,36.45,2020,0,1
Bihar,Monthly,12.45,3124663,36.54,2020,0,1
Chandigarh,Monthly,18.35,348042,44.89,2019,0,1
Chandigarh,Monthly,12.4,337145,40.44,2019,0,1
Chandigarh,Monthly,21.8,294379,39.47,2019,0,1
Chandigarh,Monthly,9.52,328282,37.95,2019,0,1
Chandigarh,Monthly,20.14,327239,42.77,2019,0,1
Chandigarh,Monthly,13.99,330856,40.06,2019,0,1
Chandigarh,Monthly,22.05,289593,38.6,2019,0,1
Chandigarh,Monthly,8.33,311146,35.19,2019,0,1
Chandigarh,Monthly,20.0,332062,42.94,2020,0,1
Chandigarh,Monthly,16.67,316887,39.25,2020,0,1
Chandigarh,Monthly,21.43,279839,36.68,2020,0,1
Chandigarh,Monthly,7.22,306505,33.8,2020,0,1
Chhattisgarh,Monthly,9.77,2223129,45.61,2019,0,1
Chhattisgarh,Monthly,11.77,2192020,45.88,2019,0,1
Chhattisgarh,Monthly,8.17,2285436,45.85,2019,0,1
Chhattisgarh,Monthly,6.29,2392400,46.91,2019,0,1
Chhattisgarh,Monthly,9.46,2311507,46.8,2019,0,1
Chhattisgarh,Monthly,10.27,2297096,46.82,2019,0,1
Chhattisgarh,Monthly,8.32,2341284,46.59,2019,0,1
Chhattisgarh,Monthly,3.57,2415436,45.59,2019,0,1
Chhattisgarh,Monthly,9.01,2315972,46.21,2020,0,1
Chhattisgarh,Monthly,9.79,2347941,47.14,2020,0,1
Chhattisgarh,Monthly,8.21,2407509,47.39,2020,0,1
Chhattisgarh,Monthly,20.13,1066126,24.06,2020,0,1
Chhattisgarh,Monthly,24.1,1276291,30.24,2020,0,1
Chhattisgarh,Monthly,27.07,1602231,39.41,2020,0,1
Delhi,Monthly,12.31,5756475,44.17,2019,0,1
Delhi,Monthly,12.76,5550172,42.71,2019,0,1
Delhi,Monthly,14.68,5393091,42.34,2019,0,1
Delhi,Monthly,13.52,5552510,42.9,2019,0,1
Delhi,Monthly,20.59,5642253,47.36,2019,0,1
Delhi,Monthly,12.41,6030363,45.78,2019,0,1
Delhi,Monthly,16.11,5439600,43.02,2019,0,1
Delhi,Monthly,11.07,5718337,42.56,2019,0,1
Delhi,Monthly,22.45,5647493,48.09,2020,0,1
Delhi,Monthly,14.86,5708807,44.18,2020,0,1
Delhi,Monthly,17.09,5401392,42.82,2020,0,1
Delhi,Monthly,16.51,3003787,23.59,2020,0,1
Delhi,Monthly,45.78,2343783,28.28,2020,0,1
Delhi,Monthly,18.11,4306807,34.32,2020,0,1
Goa,Monthly,2.75,264855,34.17,2019,0,1
Goa,Monthly,13.33,304015,43.96,2019,0,1
Goa,Monthly,12.28,280367,40.0,2019,0,1
Goa,Monthly,4.9,243277,31.97,2019,0,1
Goa,Monthly,3.16,309643,39.92,2019,0,1
Goa,Monthly,12.31,290264,41.27,2019,0,1
Goa,Monthly,25.2,271612,45.22,2019,0,1
Goa,Monthly,16.22,288154,42.77,2019,0,1
Goa,Monthly,10.92,257814,35.95,2020,0,1
Goa,Monthly,4.31,306396,39.73,2020,0,1
Goa,Monthly,4.76,277093,36.05,2020,0,1
Goa,Monthly,11.76,318957,44.74,2020,0,1
Gujarat,Monthly,4.09,9686558,41.67,2019,0,1
Gujarat,Monthly,6.31,10144965,44.57,2019,0,1
Gujarat,Monthly,5.15,9828023,42.54,2019,0,1
Gujarat,Monthly,4.2,10228154,43.72,2019,0,1
Gujarat,Monthly,5.96,9609939,41.75,2019,0,1
Gujarat,Monthly,5.45,10474217,45.14,2019,0,1
Gujarat,Monthly,7.53,9896129,43.5,2019,0,1
Gujarat,Monthly,5.71,10172812,43.75,2019,0,1
Gujarat,Monthly,5.82,9824501,42.19,2020,0,1
Gujarat,Monthly,6.04,10784753,46.31,2020,0,1
Gujarat,Monthly,5.39,10083026,42.9,2020,0,1
Gujarat,Monthly,25.94,6701284,36.33,2020,0,1
Gujarat,Monthly,11.62,6072776,27.52,2020,0,1
Gujarat,Monthly,4.54,10574711,44.26,2020,0,1
Haryana,Monthly,24.67,2693596,43.18,2019,0,1
Haryana,Monthly,20.42,2845190,43.06,2019,0,1
Haryana,Monthly,25.45,2405973,38.77,2019,0,1
Haryana,Monthly,24.19,2523005,39.87,2019,0,1
Haryana,Monthly,26.84,2675862,43.7,2019,0,1
Haryana,Monthly,21.04,2821456,42.58,2019,0,1
Haryana,Monthly,27.06,2404239,39.18,2019,0,1
Haryana,Monthly,23.65,2548835,39.57,2019,0,1
Haryana,Monthly,27.24,2630938,42.75,2020,0,1
Haryana,Monthly,23.29,2752834,42.32,2020,0,1
Haryana,Monthly,27.14,2275407,36.73,2020,0,1
Haryana,Monthly,46.89,1606580,35.48,2020,0,1
Haryana,Monthly,38.46,2013083,38.27,2020,0,1
Haryana,Monthly,29.41,2304138,38.09,2020,0,1
Himachal Pradesh,Monthly,10.88,245668,45.27,2019,0,1
Himachal Pradesh,Monthly,21.43,237576,49.58,2019,0,1
Himachal Pradesh,Monthly,21.51,235894,49.22,2019,0,1
Himachal Pradesh,Monthly,24.48,236315,51.17,2019,0,1
Himachal Pradesh,Monthly,12.0,247210,45.87,2019,0,1
Himachal Pradesh,Monthly,23.77,232322,49.69,2019,0,1
Himachal Pradesh,Monthly,27.27,233029,52.17,2019,0,1
Himachal Pradesh,Monthly,25.32,241366,52.55,2019,0,1
Himachal Pradesh,Monthly,18.15,246596,48.92,2020,0,1
Himachal Pradesh,Monthly,27.31,227804,50.82,2020,0,1
Himachal Pradesh,Monthly,26.44,221432,48.74,2020,0,1
Himachal Pradesh,Monthly,2.7,146957,24.42,2020,0,1
Himachal Pradesh,Monthly,50.0,134868,43.55,2020,0,1
Himachal Pradesh,Monthly,10.81,224902,40.66,2020,0,1
Jammu & Kashmir,Monthly,23.04,1130139,46.74,2019,0,1
Jammu & Kashmir,Monthly,19.88,1139815,45.17,2019,0,1
Jammu & Kashmir,Monthly,21.55,1183770,47.8,2019,0,1
Jammu & Kashmir,Monthly,24.06,1029087,42.63,2019,0,1
Jammu & Kashmir,Monthly,14.29,1226793,44.92,2019,0,1
Jammu & Kashmir,Monthly,7.02,1209085,40.71,2019,0,1
Jammu & Kashmir,Monthly,18.54,1079537,41.4,2020,0,1
Jammu & Kashmir,Monthly,19.86,1060116,41.23,2020,0,1
Jammu & Kashmir,Monthly,14.29,998103,36.21,2020,0,1
Jammu & Kashmir,Monthly,12.96,937435,33.33,2020,0,1
Jharkhand,Monthly,17.23,2404033,43.25,2019,0,1
Jharkhand,Monthly,20.51,2326911,43.51,2019,0,1
Jharkhand,Monthly,15.67,2434579,42.82,2019,0,1
Jharkhand,Monthly,20.25,2335406,43.35,2019,0,1
Jharkhand,Monthly,21.16,2357627,44.18,2019,0,1
Jharkhand,Monthly,19.05,2460196,44.82,2019,0,1
Jharkhand,Monthly,17.34,2424281,43.17,2019,0,1
Jharkhand,Monthly,22.01,2290170,43.14,2019,0,1
Jharkhand,Monthly,22.96,2329293,44.33,2020,0,1
Jharkhand,Monthly,19.67,2493023,45.42,2020,0,1
Jharkhand,Monthly,16.4,2480661,43.34,2020,0,1
Jharkhand,Monthly,61.48,1054829,39.92,2020,0,1
Jharkhand,Monthly,70.17,830347,40.49,2020,0,1
Jharkhand,Monthly,19.38,2244460,40.43,2020,0,1
Karnataka,Monthly,6.56,8638239,40.62,2019,0,1
Karnataka,Monthly,5.0,8862498,40.89,2019,0,1
Karnataka,Monthly,2.29,8738029,39.09,2019,0,1
Karnataka,Monthly,1.27,8614340,38.04,2019,0,1
Karnataka,Monthly,3.57,8647794,39.0,2019,0,1
Karnataka,Monthly,3.87,8799249,39.7,2019,0,1
Karnataka,Monthly,3.44,8613835,38.6,2019,0,1
Karnataka,Monthly,1.56,8592376,37.66,2019,0,1
Karnataka,Monthly,3.31,8749154,38.94,2020,0,1
Karnataka,Monthly,2.88,8924061,39.45,2020,0,1
Karnataka,Monthly,4.92,9225835,41.55,2020,0,1
Karnataka,Monthly,25.12,7387995,42.14,2020,0,1
Karnataka,Monthly,15.88,8669258,43.9,2020,0,1
Karnataka,Monthly,6.12,8822411,39.93,2020,0,1
Kerala,Monthly,6.11,4605913,36.65,2019,0,1
Kerala,Monthly,6.67,4678374,37.42,2019,0,1
Kerala,Monthly,7.58,4105211,33.13,2019,0,1
Kerala,Monthly,7.69,4448650,35.91,2019,0,1
Kerala,Monthly,5.52,4640642,36.57,2019,0,1
Kerala,Monthly,5.35,4644510,36.49,2019,0,1
Kerala,Monthly,6.71,4062767,32.36,2019,0,1
Kerala,Monthly,7.31,4440283,35.56,2019,0,1
Kerala,Monthly,6.65,4597507,36.53,2020,0,1
Kerala,Monthly,6.08,4624444,36.48,2020,0,1
Kerala,Monthly,9.14,4079775,33.24,2020,0,1
Kerala,Monthly,21.43,2179106,20.51,2020,0,1
Kerala,Monthly,30.28,2826118,29.95,2020,0,1
Kerala,Monthly,12.17,4601293,38.68,2020,0,1
Madhya Pradesh,Monthly,3.91,6692720,38.96,2019,0,1
Madhya Pradesh,Monthly,6.38,6509340,38.8,2019,0,1
Madhya Pradesh,Monthly,7.38,6266446,37.67,2019,0,1
Madhya Pradesh,Monthly,6.82,6809834,40.6,2019,0,1
Madhya Pradesh,Monthly,7.0,6655967,39.67,2019,0,1
Madhya Pradesh,Monthly,4.4,6603715,38.2,2019,0,1
Madhya Pradesh,Monthly,6.06,6459457,37.94,2019,0,1
Madhya Pradesh,Monthly,6.2,6787403,39.83,2019,0,1
Madhya Pradesh,Monthly,5.17,6834930,39.59,2020,0,1
Madhya Pradesh,Monthly,4.96,6533435,37.68,2020,0,1
Madhya Pradesh,Monthly,4.8,6386723,36.68,2020,0,1
Madhya Pradesh,Monthly,11.94,4802873,29.76,2020,0,1
Madhya Pradesh,Monthly,40.49,3879934,35.49,2020,0,1
Madhya Pradesh,Monthly,12.72,6221562,38.72,2020,0,1
Maharashtra,Monthly,6.08,16962574,38.3,2019,0,1
Maharashtra,Monthly,6.46,17375053,39.3,2019,0,1
Maharashtra,Monthly,6.35,17215677,38.81,2019,0,1
Maharashtra,Monthly,7.57,16602767,37.84,2019,0,1
Maharashtra,Monthly,7.6,17396398,39.58,2019,0,1
Maharashtra,Monthly,7.51,17221991,39.05,2019,0,1
Maharashtra,Monthly,7.6,17486683,39.61,2019,0,1
Maharashtra,Monthly,7.83,16581144,37.57,2019,0,1
Maharashtra,Monthly,6.67,16715470,37.32,2020,0,1
Maharashtra,Monthly,5.34,17122782,37.61,2020,0,1
Maharashtra,Monthly,6.34,17065830,37.8,2020,0,1
Maharashtra,Monthly,14.99,12674451,30.86,2020,0,1
Maharashtra,Monthly,15.92,12365754,30.38,2020,0,1
Maharashtra,Monthly,10.01,16172690,37.04,2020,0,1
Meghalaya,Monthly,8.4,228978,47.79,2019,0,1
Meghalaya,Monthly,8.66,231252,48.29,2019,0,1
Meghalaya,Monthly,4.43,284015,56.55,2019,0,1
Meghalaya,Monthly,5.8,259433,52.27,2019,0,1
Meghalaya,Monthly,5.3,253887,50.77,2019,0,1
Meghalaya,Monthly,7.2,234375,47.71,2019,0,1
Meghalaya,Monthly,3.02,293431,57.02,2019,0,1
Meghalaya,Monthly,5.21,267417,53.04,2019,0,1
Meghalaya,Monthly,4.76,261687,51.53,2020,0,1
Meghalaya,Monthly,7.37,233965,47.26,2020,0,1
Meghalaya,Monthly,2.8,289735,55.64,2020,0,1
Meghalaya,Monthly,17.39,161939,36.51,2020,0,1
Meghalaya,Monthly,14.58,222916,48.48,2020,0,1
Odisha,Monthly,2.95,2519582,41.26,2019,0,1
Odisha,Monthly,2.63,2356290,38.39,2019,0,1
Odisha,Monthly,1.78,2542237,40.99,2019,0,1
Odisha,Monthly,3.5,2456983,40.25,2019,0,1
Odisha,Monthly,3.78,2570663,42.15,2019,0,1
Odisha,Monthly,4.5,2456855,40.51,2019,0,1
Odisha,Monthly,2.23,2594469,41.71,2019,0,1
Odisha,Monthly,3.36,2369048,38.46,2019,0,1
Odisha,Monthly,2.28,2561320,41.05,2020,0,1
Odisha,Monthly,2.19,2438080,38.97,2020,0,1
Odisha,Monthly,3.96,2457952,39.93,2020,0,1
Odisha,Monthly,20.5,1303244,25.53,2020,0,1
Odisha,Monthly,10.0,1975481,34.12,2020,0,1
Odisha,Monthly,2.18,2221069,35.24,2020,0,1
Puducherry,Monthly,1.25,283905,35.71,2019,0,1
Puducherry,Monthly,0.0,304369,37.73,2019,0,1
Puducherry,Monthly,0.0,281117,34.77,2019,0,1
Puducherry,Monthly,8.95,312882,42.41,2019,0,1
Puducherry,Monthly,1.22,286573,35.73,2019,0,1
Puducherry,Monthly,1.17,312548,38.86,2019,0,1
Puducherry,Monthly,1.37,275003,34.19,2019,0,1
Puducherry,Monthly,5.21,313135,40.42,2019,0,1
Puducherry,Monthly,0.57,281698,34.59,2020,0,1
Puducherry,Monthly,1.78,310342,38.5,2020,0,1
Puducherry,Monthly,0.62,278851,34.12,2020,0,1
Puducherry,Monthly,76.74,68122,35.54,2020,0,1
Puducherry,Monthly,75.0,64538,31.25,2020,0,1
Puducherry,Monthly,4.55,234926,29.73,2020,0,1
Punjab,Monthly,13.49,3289918,40.03,2019,0,1
Punjab,Monthly,13.17,3307798,40.02,2019,0,1
Punjab,Monthly,11.61,3592442,42.62,2019,0,1
Punjab,Monthly,11.99,3499863,41.61,2019,0,1
Punjab,Monthly,15.69,3227178,39.97,2019,0,1
Punjab,Monthly,13.75,3070438,37.1,2019,0,1
Punjab,Monthly,10.39,3602243,41.82,2019,0,1
Punjab,Monthly,11.97,3575778,42.17,2019,0,1
Punjab,Monthly,13.68,3252622,39.04,2020,0,1
Punjab,Monthly,11.99,3219227,37.82,2020,0,1
Punjab,Monthly,9.97,3601793,41.29,2020,0,1
Punjab,Monthly,1.13,2298975,23.95,2020,0,1
Punjab,Monthly,20.54,2682658,34.71,2020,0,1
Punjab,Monthly,10.55,3047750,34.96,2020,0,1
Rajasthan,Monthly,13.62,5108436,39.44,2019,0,1
Rajasthan,Monthly,14.36,5241174,40.73,2019,0,1
Rajasthan,Monthly,11.67,5372470,40.38,2019,0,1
Rajasthan,Monthly,14.71,5195170,40.34,2019,0,1
Rajasthan,Monthly,12.63,5176819,39.15,2019,0,1
Rajasthan,Monthly,13.02,5384335,40.8,2019,0,1
Rajasthan,Monthly,14.3,5306715,40.73,2019,0,1
Rajasthan,Monthly,18.04,5109481,40.9,2019,0,1
Rajasthan,Monthly,18.82,5157363,41.59,2020,0,1
Rajasthan,Monthly,17.02,5288343,41.62,2020,0,1
Rajasthan,Monthly,18.54,4964911,39.71,2020,0,1
Rajasthan,Monthly,35.53,2932923,29.57,2020,0,1
Rajasthan,Monthly,25.35,4225486,36.71,2020,0,1
Rajasthan,Monthly,13.04,5275784,39.26,2020,0,1
Sikkim,Monthly,8.2,89587,48.61,2019,0,1
Sikkim,Monthly,7.76,89702,48.13,2019,0,1
Sikkim,Monthly,2.56,108334,54.67,2019,0,1
Sikkim,Monthly,4.82,90850,46.63,2019,0,1
Sikkim,Monthly,4.81,89450,45.61,2019,0,1
Sikkim,Monthly,9.68,87974,46.97,2019,0,1
Sikkim,Monthly,4.04,107751,53.8,2019,0,1
Sikkim,Monthly,7.37,88035,45.24,2019,0,1
Sikkim,Monthly,20.45,86186,50.57,2020,0,1
Sikkim,Monthly,5.77,81905,40.31,2020,0,1
Sikkim,Monthly,19.75,75456,43.32,2020,0,1
Sikkim,Monthly,2.63,76269,35.85,2020,0,1
Tamil Nadu,Monthly,0.89,11798080,37.31,2019,0,1
Tamil Nadu,Monthly,1.56,12318745,39.16,2019,0,1
Tamil Nadu,Monthly,3.18,12054414,38.89,2019,0,1
Tamil Nadu,Monthly,9.53,11933093,41.13,2019,0,1
Tamil Nadu,Monthly,1.86,11902824,37.76,2019,0,1
Tamil Nadu,Monthly,1.13,12223948,38.42,2019,0,1
Tamil Nadu,Monthly,2.65,11729952,37.38,2019,0,1
Tamil Nadu,Monthly,8.05,12260389,41.29,2019,0,1
Tamil Nadu,Monthly,2.05,11926995,37.64,2020,0,1
Tamil Nadu,Monthly,3.31,11742101,37.48,2020,0,1
Tamil Nadu,Monthly,6.46,10982178,36.17,2020,0,1
Tamil Nadu,Monthly,45.55,4632967,26.17,2020,0,1
Tamil Nadu,Monthly,25.95,5733921,23.77,2020,0,1
Tamil Nadu,Monthly,24.93,7741005,31.6,2020,0,1
Telangana,Monthly,1.52,5560649,44.59,2019,0,1
Telangana,Monthly,1.43,5683349,45.43,2019,0,1
Telangana,Monthly,3.73,5432503,44.36,2019,0,1
Telangana,Monthly,4.19,5544693,45.39,2019,0,1
Telangana,Monthly,6.19,5668785,47.28,2019,0,1
Telangana,Monthly,6.74,5318341,44.51,2019,0,1
Telangana,Monthly,5.23,5338119,43.87,2019,0,1
Telangana,Monthly,4.22,5317782,43.13,2019,0,1
Telangana,Monthly,6.49,5543380,45.95,2020,0,1
Telangana,Monthly,6.74,5521496,45.78,2020,0,1
Telangana,Monthly,6.1,5313236,43.65,2020,0,1
Telangana,Monthly,10.5,3378431,29.05,2020,0,1
Telangana,Monthly,36.57,3108830,37.63,2020,0,1
Telangana,Monthly,6.92,4577995,37.68,2020,0,1
Tripura,Monthly,34.69,423127,69.5,2019,0,1
Tripura,Monthly,25.59,408738,58.8,2019,0,1
Tripura,Monthly,25.81,410583,59.1,2019,0,1
Tripura,Monthly,33.45,368977,59.07,2019,0,1
Tripura,Monthly,33.57,418043,66.9,2019,0,1
Tripura,Monthly,26.67,414808,60.0,2019,0,1
Tripura,Monthly,27.15,427700,62.14,2019,0,1
Tripura,Monthly,33.48,399427,63.41,2019,0,1
Tripura,Monthly,34.37,450155,72.26,2020,0,1
Tripura,Monthly,33.88,415339,66.04,2020,0,1
Tripura,Monthly,25.69,450271,63.56,2020,0,1
Tripura,Monthly,34.88,296431,47.65,2020,0,1
Tripura,Monthly,16.78,384999,48.31,2020,0,1
Tripura,Monthly,27.47,391015,56.17,2020,0,1
Uttar Pradesh,Monthly,14.4,13391244,40.43,2019,0,1
Uttar Pradesh,Monthly,11.62,13624452,39.75,2019,0,1
Uttar Pradesh,Monthly,11.8,13862431,40.43,2019,0,1
Uttar Pradesh,Monthly,14.73,13580241,40.87,2019,0,1
Uttar Pradesh,Monthly,13.58,13522970,40.07,2019,0,1
Uttar Pradesh,Monthly,10.35,13938303,39.71,2019,0,1
Uttar Pradesh,Monthly,11.31,14128888,40.6,2019,0,1
Uttar Pradesh,Monthly,12.37,13857200,40.21,2019,0,1
Uttar Pradesh,Monthly,12.34,13656250,39.52,2020,0,1
Uttar Pradesh,Monthly,11.65,13803099,39.54,2020,0,1
Uttar Pradesh,Monthly,12.32,13889632,40.0,2020,0,1
Uttar Pradesh,Monthly,26.94,10944379,37.74,2020,0,1
Uttar Pradesh,Monthly,32.06,11111486,41.1,2020,0,1
Uttar Pradesh,Monthly,13.05,13208724,38.09,2020,0,1
Uttarakhand,Monthly,9.17,676797,26.33,2019,0,1
Uttarakhand,Monthly,4.69,906889,33.54,2019,0,1
Uttarakhand,Monthly,6.94,859900,32.48,2019,0,1
Uttarakhand,Monthly,7.43,823967,31.21,2019,0,1
Uttarakhand,Monthly,9.62,711150,27.51,2019,0,1
Uttarakhand,Monthly,4.72,925174,33.87,2019,0,1
Uttarakhand,Monthly,6.34,904903,33.61,2019,0,1
Uttarakhand,Monthly,7.39,844779,31.65,2019,0,1
Uttarakhand,Monthly,8.92,725253,27.55,2020,0,1
Uttarakhand,Monthly,5.28,963408,35.11,2020,0,1
Uttarakhand,Monthly,8.15,889245,33.33,2020,0,1
Uttarakhand,Monthly,13.18,748041,29.59,2020,0,1
Uttarakhand,Monthly,17.36,778590,32.27,2020,0,1
Uttarakhand,Monthly,5.08,989470,35.61,2020,0,1
West Bengal,Monthly,7.25,11306177,46.37,2019,0,1
West Bengal,Monthly,7.38,10611498,43.51,2019,0,1
West Bengal,Monthly,7.91,10779829,44.38,2019,0,1
West Bengal,Monthly,7.27,11456493,46.77,2019,0,1
West Bengal,Monthly,7.79,11158649,45.74,2019,0,1
West Bengal,Monthly,7.83,10563686,43.25,2019,0,1
West Bengal,Monthly,6.61,10768462,43.44,2019,0,1
West Bengal,Monthly,7.24,11335696,45.97,2019,0,1
West Bengal,Monthly,7.27,11208617,45.39,2020,0,1
West Bengal,Monthly,7.55,10871168,44.09,2020,0,1
West Bengal,Monthly,6.67,10806105,43.34,2020,0,1
West Bengal,Monthly,15.63,9299466,41.2,2020,0,1
West Bengal,Monthly,15.22,9240903,40.67,2020,0,1
West Bengal,Monthly,9.86,9088931,37.57,2020,0,1
